Manufacturer,Name,Codename,Cores,Clock,Socket,Process,L3 Cache,TDP,Released
AMD,A10-9700,Bristol Ridge,4,3.5 to 3.8 GHz,Socket AM4,28 nm,N/A,65 W,"Jul 27th, 2017"
AMD,A10-9700E,Bristol Ridge,4,3 to 3.5 GHz,Socket AM4,28 nm,N/A,35 W,"Jul 27th, 2017"
AMD,A12-9800,Bristol Ridge,4,3.8 to 4.2 GHz,Socket AM4,28 nm,N/A,65 W,"Jul 27th, 2017"
AMD,A12-9800E,Bristol Ridge,4,3.1 to 3.8 GHz,Socket AM4,28 nm,N/A,35 W,"Jul 27th, 2017"
AMD,A6-9500,Bristol Ridge,2,3.5 to 3.8 GHz,Socket AM4,28 nm,N/A,65 W,"Jul 27th, 2017"
AMD,A6-9500E,Bristol Ridge,2,3 to 3.4 GHz,Socket AM4,28 nm,N/A,35 W,"Jul 27th, 2017"
AMD,A6-9550,Bristol Ridge,2,3.8 to 4 GHz,Socket AM4,28 nm,N/A,65 W,"Jul 27th, 2017"
AMD,A8-9600,Bristol Ridge,4,3.1 to 3.4 GHz,Socket AM4,28 nm,N/A,65 W,"Jul 27th, 2017"
AMD,Athlon X4 940,Bristol Ridge,4,3.2 to 3.6 GHz,Socket AM4,28 nm,N/A,65 W,"Jul 27th, 2017"
AMD,Athlon X4 950,Bristol Ridge,4,3.5 to 3.8 GHz,Socket AM4,28 nm,N/A,65 W,"Jul 27th, 2017"
AMD,Athlon X4 970,Bristol Ridge,4,3.8 to 4 GHz,Socket AM4,28 nm,N/A,65 W,"Jul 27th, 2017"
AMD,EPYC 7251,Naples,8 / 16,2.1 to 2.9 GHz,Socket SP3,14 nm,32MB,120 W,"Jun 29th, 2017"
AMD,EPYC 7281,Naples,16 / 32,2.1 to 2.7 GHz,Socket SP3,14 nm,32MB,170 W,"Jun 29th, 2017"
AMD,EPYC 7301,Naples,16 / 32,2.2 to 2.7 GHz,Socket SP3,14 nm,64MB,170 W,"Jun 29th, 2017"
AMD,EPYC 7351,Naples,16 / 32,2.4 to 2.9 GHz,Socket SP3,14 nm,64MB,170 W,"Jun 29th, 2017"
AMD,EPYC 7351P,Naples,16 / 32,2.4 to 2.9 GHz,Socket SP3,14 nm,64MB,170 W,"Jun 29th, 2017"
AMD,EPYC 7401,Naples,24 / 48,2 to 3 GHz,Socket SP3,14 nm,64MB,170 W,"Jun 29th, 2017"
AMD,EPYC 7401P,Naples,24 / 48,2 to 3 GHz,Socket SP3,14 nm,64MB,170 W,"Jun 29th, 2017"
AMD,EPYC 7451,Naples,24 / 48,2.3 to 3.2 GHz,Socket SP3,14 nm,64MB,180 W,"Jun 29th, 2017"
AMD,EPYC 7501,Naples,32 / 64,2 to 3 GHz,Socket SP3,14 nm,64MB,170 W,"Jun 29th, 2017"
AMD,EPYC 7551,Naples,32 / 64,2 to 3 GHz,Socket SP3,14 nm,64MB,180 W,"Jun 29th, 2017"
AMD,EPYC 7551P,Naples,32 / 64,2 to 3 GHz,Socket SP3,14 nm,64MB,180 W,"Jun 29th, 2017"
AMD,EPYC 7601,Naples,32 / 64,2.2 to 3.2 GHz,Socket SP3,14 nm,64MB,180 W,"Jun 29th, 2017"
AMD,Ryzen 3 1200,Zen,4,3.1 to 3.4 GHz,Socket AM4,14 nm,8MB,65 W,"Jul 27th, 2017"
AMD,Ryzen 3 1300,Zen,4,3.2 to 3.5 GHz,Socket AM4,14 nm,8MB,65 W,"Apr 11th, 2017"
AMD,Ryzen 3 1300X,Zen,4,3.4 to 3.7 GHz,Socket AM4,14 nm,8MB,65 W,"Jul 27th, 2017"
AMD,Ryzen 3 PRO 1200,Zen,4,3.1 to 3.4 GHz,Socket AM4,14 nm,8MB,65 W,"Jun 29th, 2017"
AMD,Ryzen 3 PRO 1300,Zen,4,3.2 to 3.5 GHz,Socket AM4,14 nm,8MB,65 W,"Jun 29th, 2017"
AMD,Ryzen 5 1400,Zen,4 / 8,3.2 to 3.4 GHz,Socket AM4,14 nm,8MB,65 W,"Apr 11th, 2017"
AMD,Ryzen 5 1500X,Zen,4 / 8,3.5 to 3.7 GHz,Socket AM4,14 nm,16MB,65 W,"Apr 11th, 2017"
AMD,Ryzen 5 1600,Zen,6 / 12,3.2 to 3.6 GHz,Socket AM4,14 nm,16MB,65 W,"Apr 11th, 2017"
AMD,Ryzen 5 1600X,Zen,6 / 12,3.6 to 4 GHz,Socket AM4,14 nm,16MB,95 W,"Apr 11th, 2017"
AMD,Ryzen 5 PRO 1500,Zen,4 / 8,3.5 to 3.7 GHz,Socket AM4,14 nm,16MB,65 W,"Jun 29th, 2017"
AMD,Ryzen 5 PRO 1600,Zen,6 / 12,3.2 to 3.6 GHz,Socket AM4,14 nm,16MB,65 W,"Jun 29th, 2017"
AMD,Ryzen 7 1700,Zen,8 / 16,3 to 3.7 GHz,Socket AM4,14 nm,16MB,65 W,"Mar 2nd, 2017"
AMD,Ryzen 7 1700X,Zen,8 / 16,3.4 to 3.8 GHz,Socket AM4,14 nm,16MB,95 W,"Mar 2nd, 2017"
AMD,Ryzen 7 1800X,Zen,8 / 16,3.6 to 4 GHz,Socket AM4,14 nm,16MB,95 W,"Mar 2nd, 2017"
AMD,Ryzen 7 PRO 1700,Zen,8 / 16,3 to 3.7 GHz,Socket AM4,14 nm,16MB,65 W,"Jun 29th, 2017"
AMD,Ryzen 7 PRO 1700X,Zen,8 / 16,3.4 to 3.8 GHz,Socket AM4,14 nm,16MB,95 W,"Jun 29th, 2017"
AMD,Ryzen Threadripper 1900,Zen,8 / 16,3.1 to 3.7 GHz,Socket SP3r2,14 nm,32MB,125 W,"Aug 31st, 2017"
AMD,Ryzen Threadripper 1900X,Zen,8 / 16,3.8 to 4 GHz,Socket SP3r2,14 nm,32MB,125 W,"Aug 31st, 2017"
AMD,Ryzen Threadripper 1920,Zen,12 / 24,3.2 to 3.8 GHz,Socket SP3r2,14 nm,32MB,140 W,"Jul 29th, 2017"
AMD,Ryzen Threadripper 1920X,Zen,12 / 24,3.5 to 4.2 GHz,Socket SP3r2,14 nm,32MB,180 W,"Aug 10th, 2017"
AMD,Ryzen Threadripper 1940,Zen,14 / 28,3.2 to 3.7 GHz,Socket SP3r2,14 nm,32MB,180 W,"Jul 29th, 2017"
AMD,Ryzen Threadripper 1940X,Zen,14 / 28,3.5 to 4 GHz,Socket SP3r2,14 nm,32MB,180 W,"Jul 29th, 2017"
AMD,Ryzen Threadripper 1950,Zen,16 / 32,3.2 GHz,Socket SP3r2,14 nm,32MB,180 W,"Jul 29th, 2017"
AMD,Ryzen Threadripper 1950X,Zen,16 / 32,3.4 to 4 GHz,Socket SP3r2,14 nm,32MB,180 W,"Aug 10th, 2017"
Intel,Celeron G3930,Kaby Lake,2,2.9 GHz,Socket 1151,14 nm,2MB,51 W,"Jan 3rd, 2017"
Intel,Celeron G3930T,Kaby Lake,2,2.7 GHz,Socket 1151,14 nm,2MB,35 W,"Jan 3rd, 2017"
Intel,Celeron G3950,Kaby Lake,2,3 GHz,Socket 1151,14 nm,2MB,51 W,"Jan 3rd, 2017"
Intel,Core i3-7100,Kaby Lake,2 / 4,3.9 GHz,Socket 1151,14 nm,3MB,51 W,"Jan 3rd, 2017"
Intel,Core i3-7100T,Kaby Lake,2 / 4,3.4 GHz,Socket 1151,14 nm,3MB,35 W,"Jan 3rd, 2017"
Intel,Core i3-7120,Kaby Lake,2 / 4,4 GHz,Socket 1151,14 nm,3MB,51 W,"Jul 17th, 2017"
Intel,Core i3-7120T,Kaby Lake,2 / 4,3.6 GHz,Socket 1151,14 nm,3MB,35 W,"Jul 17th, 2017"
Intel,Core i3-7300,Kaby Lake,2 / 4,4 GHz,Socket 1151,14 nm,4MB,51 W,"Jan 3rd, 2017"
Intel,Core i3-7300T,Kaby Lake,2 / 4,3.5 GHz,Socket 1151,14 nm,4MB,35 W,"Jan 3rd, 2017"
Intel,Core i3-7320,Kaby Lake,2 / 4,4.1 GHz,Socket 1151,14 nm,4MB,51 W,"Jan 3rd, 2017"
Intel,Core i3-7320T,Kaby Lake,2 / 4,3.6 GHz,Socket 1151,14 nm,4MB,35 W,"Jul 17th, 2017"
Intel,Core i3-7340,Kaby Lake,2 / 4,4.2 GHz,Socket 1151,14 nm,4MB,51 W,"Jul 17th, 2017"
Intel,Core i3-7350K,Kaby Lake,2 / 4,4.2 GHz,Socket 1151,14 nm,4MB,60 W,"Jan 3rd, 2017"
Intel,Core i3-7360X,Kaby Lake,2 / 4,4.3 GHz,Socket 2066,14 nm,4MB,112 W,"Oct 3rd, 2017"
Intel,Core i3-8100,Coffee Lake,4,2.8 to 3.6 GHz,Socket 1151,14 nm,6MB,62 W,"Oct 5th, 2017"
Intel,Core i3-8350K,Coffee Lake,4,4 GHz,Socket 1151,14 nm,8MB,91 W,"Oct 5th, 2017"
Intel,Core i5-7400,Kaby Lake,4,3 to 3.5 GHz,Socket 1151,14 nm,6MB,65 W,"Jan 3rd, 2017"
Intel,Core i5-7400T,Kaby Lake,4,2.4 to 3 GHz,Socket 1151,14 nm,6MB,35 W,"Jan 3rd, 2017"
Intel,Core i5-7500,Kaby Lake,4,3.4 to 3.8 GHz,Socket 1151,14 nm,6MB,65 W,"Jan 3rd, 2017"
Intel,Core i5-7500T,Kaby Lake,4,2.7 to 3.3 GHz,Socket 1151,14 nm,6MB,35 W,"Jan 3rd, 2017"
Intel,Core i5-7600,Kaby Lake,4,3.5 to 4.1 GHz,Socket 1151,14 nm,6MB,65 W,"Jan 3rd, 2017"
Intel,Core i5-7600K,Kaby Lake,4,3.8 to 4.2 GHz,Socket 1151,14 nm,6MB,91 W,"Jan 3rd, 2017"
Intel,Core i5-7600T,Kaby Lake,4,2.8 to 3.7 GHz,Socket 1151,14 nm,6MB,35 W,"Jan 3rd, 2017"
Intel,Core i5-7640X,Kaby Lake-X,4,3.9 to 4.3 GHz,Socket 2066,14 nm,6MB,112 W,"Jun 26th, 2017"
Intel,Core i5-8400,Coffee Lake,6,2.8 to 4 GHz,Socket 1151,14 nm,9MB,65 W,"Oct 5th, 2017"
Intel,Core i5-8600K,Coffee Lake,6,3.6 to 4.3 GHz,Socket 1151,14 nm,9MB,95 W,"Oct 5th, 2017"
Intel,Core i7-7700,Kaby Lake,4 / 8,3.6 to 4.2 GHz,Socket 1151,14 nm,8MB,65 W,"Jan 3rd, 2017"
Intel,Core i7-7700K,Kaby Lake,4 / 8,4.2 to 4.5 GHz,Socket 1151,14 nm,8MB,91 W,"Jan 3rd, 2017"
Intel,Core i7-7700T,Kaby Lake,4 / 8,2.9 to 3.8 GHz,Socket 1151,14 nm,8MB,35 W,"Jan 3rd, 2017"
Intel,Core i7-7740X,Kaby Lake-X,4 / 8,4.3 to 4.6 GHz,Socket 2066,14 nm,8MB,112 W,"Jun 26th, 2017"
Intel,Core i7-7800X,Skylake-X,6 / 12,3.5 to 4 GHz,Socket 2066,14 nm,8.25MB,140 W,"Jun 26th, 2017"
Intel,Core i7-7820X,Skylake-X,8 / 16,3.6 to 4.5 GHz,Socket 2066,14 nm,11MB,140 W,"Jun 26th, 2017"
Intel,Core i7-8700K,Coffee Lake,6 / 12,3.7 to 4.7 GHz,Socket 1151,14 nm,12MB,95 W,"Oct 5th, 2017"
Intel,Core i9-7900X,Skylake-X,10 / 20,3.3 to 4.5 GHz,Socket 2066,14 nm,14MB,140 W,"Jun 26th, 2017"
Intel,Core i9-7920X,Skylake-X,12 / 24,2.9 to 4.4 GHz,Socket 2066,14 nm,16.5MB,140 W,"Sep 10th, 2017"
Intel,Core i9-7940X,Skylake-X,14 / 28,3.1 to 4.4 GHz,Socket 2066,14 nm,19.25MB,165 W,"Sep 1st, 2017"
Intel,Core i9-7960X,Skylake-X,16 / 32,2.8 to 4.4 GHz,Socket 2066,14 nm,22MB,165 W,"Sep 1st, 2017"
Intel,Core i9-7980XE,Skylake-X,18 / 36,2.6 to 4.4 GHz,Socket 2066,14 nm,24.75MB,165 W,"Sep 1st, 2017"
Intel,Pentium G4560,Kaby Lake,2 / 4,3.5 GHz,Socket 1151,14 nm,3MB,51 W,"Jan 3rd, 2017"
Intel,Pentium G4560T,Kaby Lake,2 / 4,2.9 GHz,Socket 1151,14 nm,3MB,35 W,"Jan 3rd, 2017"
Intel,Pentium G4600,Kaby Lake,2 / 4,3.6 GHz,Socket 1151,14 nm,3MB,51 W,"Jan 3rd, 2017"
Intel,Pentium G4600T,Kaby Lake,2 / 4,3 GHz,Socket 1151,14 nm,3MB,35 W,"Jan 3rd, 2017"
Intel,Pentium G4620,Kaby Lake,2 / 4,3.7 GHz,Socket 1151,14 nm,3MB,51 W,"Jan 3rd, 2017"
Intel,Pentium Silver J5005,Coffee Lake,4,1.5 to 2.4 GHz,BGA 1090,14 nm,N/A,10 W,"Dec 1st, 2017"
Intel,Xeon Bronze 3106,Skylake-SP,8,2.1 to 3 GHz,Socket 3647,14 nm,11MB,85 W,"Jul 11th, 2017"
Intel,Xeon E3-1285 v6,Kaby Lake-DT,4 / 8,4.1 to 4.5 GHz,Socket 1151,14 nm,8MB,79 W,"Aug 1st, 2017"
Intel,Xeon Gold 6154,Skylake-SP,18 / 36,3 to 3.7 GHz,Socket 3647,14 nm,24.75MB,200 W,"Jul 11th, 2017"
Intel,Xeon Phi 7235,Knights Mill,64 / 256,1300 to 1400 MHz,Socket 3647,14 nm,N/A,250 W,"Dec 1st, 2017"
Intel,Xeon Phi 7285,Knights Mill,68 / 272,1300 to 1400 MHz,Socket 3647,14 nm,N/A,250 W,"Dec 1st, 2017"
Intel,Xeon Phi 7295,Knights Mill,72 / 288,1500 to 1600 MHz,Socket 3647,14 nm,N/A,320 W,"Dec 1st, 2017"
Intel,Xeon Platinum 8180,Skylake-SP,28 / 56,2.5 to 3.8 GHz,Socket 3647,14 nm,38.5MB,205 W,"Jul 11th, 2017"
Intel,Xeon Platinum 8180M,Skylake-SP,28 / 56,2.5 to 3.8 GHz,Socket 3647,14 nm,38.5MB,205 W,"Jul 11th, 2017"
Intel,Xeon Silver 4116,Skylake-SP,12 / 24,2.1 to 3 GHz,Socket 3647,14 nm,16.5MB,85 W,"Jul 11th, 2017"
Intel,Xeon W-2195,Skylake-W,18 / 36,2.3 to 4.3 GHz,Socket 2066,14 nm,24.75MB,140 W,"Sep 29th, 2017"
AMD,A8-7680,Godaveri,4,3.5 to 3.8 GHz,Socket FM2+,28 nm,N/A,45 W,"Oct 26th, 2018"
AMD,Athlon 200GE,Zen,2 / 4,3.2 GHz,Socket AM4,14 nm,4MB,35 W,"Sep 6th, 2018"
AMD,Athlon 220GE,Zen,2 / 4,3.4 GHz,Socket AM4,14 nm,4MB,35 W,"Dec 21st, 2018"
AMD,Athlon 220GE,Zen,2 / 4,3.4 GHz,Socket AM4,14 nm,4MB,35 W,"Jun 1st, 2018"
AMD,Athlon 220GE,Zen,2 / 4,3.4 GHz,Socket AM4,14 nm,4MB,35 W,"Dec 21st, 2018"
AMD,Athlon 240GE,Zen,2 / 4,3.5 GHz,Socket AM4,14 nm,4MB,35 W,"Dec 21st, 2018"
AMD,Athlon PRO 200GE,Zen,2,3.2 GHz,Socket AM4,14 nm,4MB,35 W,"Jun 1st, 2018"
AMD,EPYC 7261,Naples,8 / 16,2.5 to 2.9 GHz,Socket SP3,14 nm,32MB,170 W,"Jun 14th, 2018"
AMD,EPYC 7371,Naples,16 / 32,3.1 to 3.8 GHz,Socket SP3,14 nm,64MB,170 W,"Nov 16th, 2018"
AMD,EPYC Embedded 3251,Zen,8 / 16,2.5 to 3.1 GHz,BGA SP4r2,14 nm,16MB,50 W,"Feb 21st, 2018"
AMD,Ryzen 3 2200G,Raven Ridge,4,3.5 to 3.7 GHz,Socket AM4,14 nm,4MB,65 W,"Feb 12th, 2018"
AMD,Ryzen 3 2300X,Zen,4,3.5 to 4.2 GHz,Socket AM4,14 nm,4MB,65 W,"Aug 1st, 2018"
AMD,Ryzen 5 2400G,Raven Ridge,4 / 8,3.6 to 3.9 GHz,Socket AM4,14 nm,4MB,65 W,"Feb 12th, 2018"
AMD,Ryzen 5 2500X,Zen,4 / 8,3.6 to 4 GHz,Socket AM4,12 nm,16MB,65 W,"Oct 1st, 2018"
AMD,Ryzen 5 2600,Zen,6 / 12,3.4 to 3.9 GHz,Socket AM4,12 nm,16MB,65 W,"Apr 19th, 2018"
AMD,Ryzen 5 2600E,Zen,6 / 12,3.1 to 4 GHz,Socket AM4,12 nm,16MB,65 W,"Sep 19th, 2018"
AMD,Ryzen 5 2600X,Zen,6 / 12,3.6 to 4.25 GHz,Socket AM4,12 nm,16MB,95 W,"Apr 19th, 2018"
AMD,Ryzen 5 PRO 2400G,Raven Ridge,4 / 8,3.6 to 3.9 GHz,Socket AM4,14 nm,4MB,65 W,"May 10th, 2018"
AMD,Ryzen 5 PRO 2600,Zen,6 / 12,3.4 to 3.9 GHz,Socket AM4,12 nm,16MB,65 W,"Sep 19th, 2018"
AMD,Ryzen 7 2700,Zen,8 / 16,3.2 to 4.1 GHz,Socket AM4,12 nm,16MB,65 W,"Apr 19th, 2018"
AMD,Ryzen 7 2700E,Zen,8 / 16,2.8 to 4 GHz,Socket AM4,12 nm,16MB,65 W,"Sep 19th, 2018"
AMD,Ryzen 7 2700X,Zen,8 / 16,3.7 to 4.35 GHz,Socket AM4,12 nm,16MB,105 W,"Apr 19th, 2018"
AMD,Ryzen 7 PRO 2700,Zen,8 / 16,3.2 to 4.1 GHz,Socket AM4,12 nm,16MB,65 W,"Sep 19th, 2018"
AMD,Ryzen 7 PRO 2700X,Zen,8 / 16,3.6 to 4.1 GHz,Socket AM4,12 nm,16MB,95 W,"Sep 19th, 2018"
AMD,Ryzen Embedded V1202B,Zen,2 / 4,2.3 to 3.2 GHz,Socket FP5,14 nm,2MB,15 W,"Feb 21st, 2018"
AMD,Ryzen Embedded V1605B,Zen,4 / 8,2 to 3.6 GHz,Socket FP5,14 nm,2MB,15 W,"Feb 21st, 2018"
AMD,Ryzen Embedded V1756B,Zen,4 / 8,3.25 to 3.6 GHz,Socket FP5,14 nm,2MB,45 W,"Feb 21st, 2018"
AMD,Ryzen Embedded V1807B,Zen,4 / 8,3.35 to 3.8 GHz,Socket FP5,14 nm,2MB,45 W,"Feb 21st, 2018"
AMD,Ryzen Threadripper 2920X,Zen,12 / 24,3.5 to 4.3 GHz,Socket SP3r2,12 nm,32MB,180 W,"Oct 3rd, 2018"
AMD,Ryzen Threadripper 2950X,Zen,16 / 32,3.5 to 4.4 GHz,Socket SP3r2,12 nm,32MB,180 W,"Aug 13th, 2018"
AMD,Ryzen Threadripper 2970WX,Zen,24 / 48,3 to 4.2 GHz,Socket SP3r2,12 nm,64MB,250 W,"Oct 2nd, 2018"
AMD,Ryzen Threadripper 2990WX,Zen,32 / 64,3 to 4.2 GHz,Socket SP3r2,12 nm,64MB,250 W,"Aug 13th, 2018"
Intel,Celeron G4900,Coffee Lake,2,3.1 GHz,Socket 1151,14 nm,6MB,51 W,"Apr 3rd, 2018"
Intel,Celeron G4920,Coffee Lake,2,3.2 GHz,Socket 1151,14 nm,6MB,51 W,"Apr 3rd, 2018"
Intel,Core i3-8000,Coffee Lake,4,3.6 GHz,Socket 1151,14 nm,6MB,65 W,"Sep 1st, 2018"
Intel,Core i3-8020,Coffee Lake,4,3.7 GHz,Socket 1151,14 nm,6MB,65 W,"Sep 1st, 2018"
Intel,Core i3-8100T,Coffee Lake,4,3.1 GHz,Socket 1151,14 nm,6MB,35 W,"Apr 2nd, 2018"
Intel,Core i3-8120,Coffee Lake,4,3.7 GHz,Socket 1151,14 nm,6MB,65 W,"Sep 1st, 2018"
Intel,Core i3-8300,Coffee Lake,4,3.7 GHz,Socket 1151,14 nm,8MB,62 W,"Feb 14th, 2018"
Intel,Core i3-8300T,Coffee Lake,4,3.2 GHz,Socket 1151,14 nm,8MB,35 W,"Apr 2nd, 2018"
Intel,Core i3-9000,Coffee Lake,4,3.7 GHz,Socket 1151,14 nm,6MB,65 W,"Sep 1st, 2018"
Intel,Core i3-9100,Coffee Lake,4,3.7 GHz,Socket 1151,14 nm,6MB,65 W,"Sep 1st, 2018"
Intel,Core i5-8400T,Coffee Lake,6,1.7 to 3.3 GHz,Socket 1151,14 nm,9MB,35 W,"Apr 2nd, 2018"
Intel,Core i5-8420,Coffee Lake,6,2.9 to 4.1 GHz,Socket 1151,14 nm,9MB,65 W,"Sep 1st, 2018"
Intel,Core i5-8420T,Coffee Lake,6,1.8 to 3.4 GHz,Socket 1151,14 nm,9MB,35 W,"Sep 1st, 2018"
Intel,Core i5-8500,Coffee Lake,6,3 to 4.1 GHz,Socket 1151,14 nm,9MB,65 W,"Feb 14th, 2018"
Intel,Core i5-8500T,Coffee Lake,6,2.1 to 3.5 GHz,Socket 1151,14 nm,9MB,35 W,"Apr 2nd, 2018"
Intel,Core i5-8550,Coffee Lake,6,3 to 4.3 GHz,Socket 1151,14 nm,9MB,65 W,"Sep 1st, 2018"
Intel,Core i5-8600,Coffee Lake,6,3.1 to 4.3 GHz,Socket 1151,14 nm,9MB,65 W,"Feb 14th, 2018"
Intel,Core i5-8600T,Coffee Lake,6,2.3 to 3.7 GHz,Socket 1151,14 nm,9MB,35 W,"Apr 2nd, 2018"
Intel,Core i5-8650,Coffee Lake,6,3.1 to 4.5 GHz,Socket 1151,14 nm,9MB,65 W,"Sep 1st, 2018"
Intel,Core i5-8650K,Coffee Lake,6,3.7 to 4.5 GHz,Socket 1151,14 nm,9MB,95 W,"Sep 1st, 2018"
Intel,Core i5-9400,Coffee Lake,6,2.9 to 4.1 GHz,Socket 1151,14 nm,9MB,65 W,"Oct 19th, 2018"
Intel,Core i5-9400T,Coffee Lake,6,1.8 to 3.4 GHz,Socket 1151,14 nm,9MB,35 W,"Sep 1st, 2018"
Intel,Core i5-9500,Coffee Lake,6,3 to 4.3 GHz,Socket 1151,14 nm,9MB,65 W,"Oct 19th, 2018"
Intel,Core i5-9600,Coffee Lake,6,3.1 to 4.5 GHz,Socket 1151,14 nm,9MB,65 W,"Oct 19th, 2018"
Intel,Core i5-9600K,Coffee Lake,6,3.7 to 4.6 GHz,Socket 1151,14 nm,9MB,95 W,"Oct 19th, 2018"
Intel,Core i7-8086K,Coffee Lake,6 / 12,4 to 5 GHz,Socket 1151,14 nm,12MB,95 W,"Jun 5th, 2018"
Intel,Core i7-8670,Coffee Lake,6 / 12,3.1 to 4.4 GHz,Socket 1151,14 nm,12MB,65 W,"Jan 1st, 2018"
Intel,Core i7-8670T,Coffee Lake,6 / 12,2.3 to 3.7 GHz,Socket 1151,14 nm,12MB,35 W,"Sep 1st, 2018"
Intel,Core i7-8700,Coffee Lake,6 / 12,3.2 to 4.6 GHz,Socket 1151,14 nm,12MB,65 W,"Jan 1st, 2018"
Intel,Core i7-8700T,Coffee Lake,6 / 12,2.4 to 4 GHz,Socket 1151,14 nm,12MB,35 W,"Apr 2nd, 2018"
Intel,Core i7-9700K,Coffee Lake,8,3.6 to 4.9 GHz,Socket 1151,14 nm,12MB,95 W,"Oct 19th, 2018"
Intel,Core i7-9800X,Skylake-X,8 / 16,3.8 to 4.4 GHz,Socket 2066,14 nm,16.5MB,165 W,"Oct 19th, 2018"
Intel,Core i9-9820X,Skylake-X,10 / 20,3.3 to 4.2 GHz,Socket 2066,14 nm,16.5MB,165 W,"Oct 19th, 2018"
Intel,Core i9-9900K,Coffee Lake-R,8 / 16,3.6 to 5 GHz,Socket 1151,14 nm,16MB,95 W,"Oct 19th, 2018"
Intel,Core i9-9900X,Skylake-X,10 / 20,3.5 to 4.5 GHz,Socket 2066,14 nm,19.25MB,165 W,"Oct 19th, 2018"
Intel,Core i9-9920X,Skylake-X,12 / 24,3.5 to 4.5 GHz,Socket 2066,14 nm,19.25MB,165 W,"Oct 19th, 2018"
Intel,Core i9-9940X,Skylake-X,14 / 28,3.3 to 4.5 GHz,Socket 2066,14 nm,19.25MB,165 W,"Oct 19th, 2018"
Intel,Core i9-9960X,Skylake-X,16 / 32,3.1 to 4.5 GHz,Socket 2066,14 nm,22MB,165 W,"Oct 19th, 2018"
Intel,Core i9-9980XE,Skylake-X,18 / 36,3 to 4.5 GHz,Socket 2066,14 nm,24.75MB,165 W,"Oct 19th, 2018"
Intel,Core i9-9990XE,Skylake-X,14 / 28,4 to 5.1 GHz,Socket 2066,14 nm,19.25MB,255 W,"Oct 19th, 2018"
Intel,Pentium Gold G5400,Coffee Lake,2 / 4,3.7 GHz,Socket 1151,14 nm,4MB,51 W,"Apr 2nd, 2018"
Intel,Pentium Gold G5500,Coffee Lake,2 / 4,3.8 GHz,Socket 1151,14 nm,4MB,51 W,"Apr 2nd, 2018"
Intel,Pentium Gold G5600,Coffee Lake,2 / 4,3.9 GHz,Socket 1151,14 nm,4MB,51 W,"Apr 2nd, 2018"
Intel,Xeon E-2124,Coffee Lake-S,4,3.4 to 4.5 GHz,Socket 1151,14 nm,8MB,72 W,"May 31st, 2018"
Intel,Xeon E-2124G,Coffee Lake-S,4,3.4 to 4.5 GHz,Socket 1151,14 nm,8MB,72 W,"May 31st, 2018"
Intel,Xeon Platinum 8253,Cascade Lake-SP,16 / 32,2.2 to 3 GHz,Socket 3647,14 nm,22MB,125 W,"Dec 11th, 2018"
Intel,Xeon Platinum 8256,Cascade Lake-SP,4 / 8,3.8 to 3.9 GHz,Socket 3647,14 nm,16.5MB,105 W,"Dec 11th, 2018"
Intel,Xeon Platinum 8260,Cascade Lake-SP,24 / 48,2.4 to 3.9 GHz,Socket 3647,14 nm,35.75MB,165 W,"Dec 11th, 2018"
Intel,Xeon Platinum 8260M,Cascade Lake-SP,24 / 48,2.4 to 3.9 GHz,Socket 3647,14 nm,35.75MB,165 W,"Dec 11th, 2018"
Intel,Xeon Platinum 8268,Cascade Lake-SP,24 / 48,2.9 to 3.9 GHz,Socket 3647,14 nm,35.75MB,205 W,"Dec 11th, 2018"
Intel,Xeon Platinum 8270,Cascade Lake-SP,26 / 52,2.7 to 4 GHz,Socket 3647,14 nm,35.75MB,205 W,"Dec 11th, 2018"
Intel,Xeon Platinum 8276,Cascade Lake-SP,28 / 56,2.2 to 4 GHz,Socket 3647,14 nm,38.5MB,165 W,"Dec 11th, 2018"
Intel,Xeon Platinum 8280,Cascade Lake-SP,28 / 56,2.7 to 4 GHz,Socket 3647,14 nm,38.5MB,205 W,"Dec 11th, 2018"
Intel,Xeon Platinum 8280M,Cascade Lake-SP,28 / 56,2.7 to 4 GHz,Socket 3647,14 nm,38.5MB,205 W,"Dec 11th, 2018"
Intel,Xeon W-3175X,Skylake-W,28 / 56,3.1 to 4.3 GHz,Socket 3647,14 nm,38.5MB,255 W,"Dec 19th, 2018"
AMD,Athlon 3000G,Zen,2 / 4,3.5 GHz,Socket AM4,14 nm,4MB,35 W,"Nov 20th, 2019"
AMD,EPYC 7232P,Rome,8 / 16,3.1 to 3.2 GHz,Socket SP3,7 nm,32MB,120 W,"Aug 7th, 2019"
AMD,EPYC 7252,Rome,8 / 16,2.8 to 3.2 GHz,Socket SP3,7 nm,64MB,120 W,"Aug 7th, 2019"
AMD,EPYC 7262,Rome,8 / 16,3.1 to 3.3 GHz,Socket SP3,7 nm,128MB,155 W,"Aug 7th, 2019"
AMD,EPYC 7272,Rome,12 / 24,2.6 to 3.2 GHz,Socket SP3,7 nm,64MB,120 W,"Aug 7th, 2019"
AMD,EPYC 7282,Rome,16 / 32,2.8 to 3.2 GHz,Socket SP3,7 nm,64MB,120 W,"Aug 7th, 2019"
AMD,EPYC 7302,Rome,16 / 32,3 to 3.3 GHz,Socket SP3,7 nm,128MB,155 W,"Aug 7th, 2019"
AMD,EPYC 7302P,Rome,16 / 32,3 to 3.3 GHz,Socket SP3,7 nm,128MB,155 W,"Aug 7th, 2019"
AMD,EPYC 7352,Rome,24 / 48,2.4 to 3.3 GHz,Socket SP3,7 nm,128MB,155 W,"Aug 7th, 2019"
AMD,EPYC 7402,Rome,24 / 48,2.8 to 3.35 GHz,Socket SP3,7 nm,128MB,180 W,"Aug 7th, 2019"
AMD,EPYC 7402P,Rome,24 / 48,2.8 to 3.35 GHz,Socket SP3,7 nm,128MB,180 W,"Aug 7th, 2019"
AMD,EPYC 7452,Rome,32 / 64,2.2 to 3.35 GHz,Socket SP3,7 nm,128MB,155 W,"Aug 7th, 2019"
AMD,EPYC 7502,Rome,32 / 64,2.5 to 3.35 GHz,Socket SP3,7 nm,128MB,180 W,"Aug 7th, 2019"
AMD,EPYC 7502P,Rome,32 / 64,2.5 to 3.35 GHz,Socket SP3,7 nm,128MB,180 W,"Aug 7th, 2019"
AMD,EPYC 7542,Rome,32 / 64,2.9 to 3.4 GHz,Socket SP3,7 nm,128MB,225 W,"Aug 7th, 2019"
AMD,EPYC 7552,Rome,48 / 96,2.2 to 3.35 GHz,Socket SP3,7 nm,192MB,200 W,"Aug 7th, 2019"
AMD,EPYC 7642,Rome,48 / 96,2.4 to 3.4 GHz,Socket SP3,7 nm,256MB,225 W,"Aug 7th, 2019"
AMD,EPYC 7702,Rome,64 / 128,2 to 3.35 GHz,Socket SP3,7 nm,256MB,200 W,"Aug 7th, 2019"
AMD,EPYC 7702P,Rome,64 / 128,2 to 3.35 GHz,Socket SP3,7 nm,256MB,200 W,"Aug 7th, 2019"
AMD,EPYC 7742,Rome,64 / 128,2.25 to 3.4 GHz,Socket SP3,7 nm,256MB,225 W,"Aug 7th, 2019"
AMD,EPYC 7H12,Rome,64 / 128,2.6 to 3.3 GHz,Socket SP3,7 nm,256MB,280 W,"Sep 18th, 2019"
AMD,Ryzen 3 3200G,Picasso,4,3.6 to 4 GHz,Socket AM4,12 nm,4MB,65 W,"Jul 7th, 2019"
AMD,Ryzen 5 3400G,Picasso,4 / 8,3.7 to 4.2 GHz,Socket AM4,12 nm,4MB,65 W,"Jul 7th, 2019"
AMD,Ryzen 5 3500X,Matisse,6,3.6 to 4.1 GHz,Socket AM4,7 nm,32MB,65 W,"Sep 24th, 2019"
AMD,Ryzen 5 3600,Matisse,6 / 12,3.6 to 4.2 GHz,Socket AM4,7 nm,32MB,65 W,"Jul 7th, 2019"
AMD,Ryzen 5 3600X,Matisse,6 / 12,3.8 to 4.4 GHz,Socket AM4,7 nm,32MB,95 W,"Jul 7th, 2019"
AMD,Ryzen 5 3600XT,Matisse 2,6 / 12,3.8 to 4.5 GHz,Socket AM4,7 nm,32MB,95 W,"Jul 7th, 2019"
AMD,Ryzen 7 2700X 50th Anniversary,Zen,8 / 16,3.7 to 4.35 GHz,Socket AM4,12 nm,16MB,105 W,"Apr 29th, 2019"
AMD,Ryzen 7 3700X,Matisse,8 / 16,3.6 to 4.4 GHz,Socket AM4,7 nm,32MB,65 W,"Jul 7th, 2019"
AMD,Ryzen 7 3800X,Matisse,8 / 16,3.9 to 4.5 GHz,Socket AM4,7 nm,32MB,105 W,"Jul 7th, 2019"
AMD,Ryzen 9 3900X,Matisse,12 / 24,3.8 to 4.6 GHz,Socket AM4,7 nm,64MB,105 W,"Jul 7th, 2019"
AMD,Ryzen 9 3950X,Matisse,16 / 32,3.5 to 4.7 GHz,Socket AM4,7 nm,64MB,105 W,"Nov 14th, 2019"
AMD,Ryzen Threadripper 3960X,Matisse,24 / 48,3.8 to 4.5 GHz,Socket TRX4,7 nm,128MB,280 W,"Nov 25th, 2019"
AMD,Ryzen Threadripper 3970X,Matisse,32 / 64,3.7 to 4.5 GHz,Socket TRX4,7 nm,128MB,280 W,"Nov 25th, 2019"
AMD,Ryzen Threadripper 3980X,Matisse,48 / 96,3.5 to 4.7 GHz,Socket TRX4,7 nm,128MB,280 W,"Nov 14th, 2019"
Intel,Core i3-9100F,Coffee Lake,4,3.6 to 4.2 GHz,Socket 1151,14 nm,6MB,65 W,"Apr 23rd, 2019"
Intel,Core i3-9300,Coffee Lake,4,3.7 to 4.3 GHz,Socket 1151,14 nm,8MB,62 W,"Apr 23rd, 2019"
Intel,Core i3-9320,Coffee Lake,4,3.7 to 4.4 GHz,Socket 1151,14 nm,8MB,62 W,"Apr 23rd, 2019"
Intel,Core i3-9350K,Coffee Lake,4,4 to 4.6 GHz,Socket 1151,14 nm,8MB,91 W,"Apr 23rd, 2019"
Intel,Core i3-9350KF,Coffee Lake,4,4 to 4.6 GHz,Socket 1151,14 nm,8MB,91 W,"Jan 8th, 2019"
Intel,Core i5-9400F,Coffee Lake,6,2.9 to 4.1 GHz,Socket 1151,14 nm,9MB,65 W,"Jan 8th, 2019"
Intel,Core i5-9500F,Coffee Lake,6,3 to 4.4 GHz,Socket 1151,14 nm,9MB,65 W,"Apr 23rd, 2019"
Intel,Core i5-9600KF,Coffee Lake,6,3.7 to 4.6 GHz,Socket 1151,14 nm,9MB,95 W,"Jan 8th, 2019"
Intel,Core i7-9700,Coffee Lake,8,3 to 4.7 GHz,Socket 1151,14 nm,12MB,65 W,"Apr 23rd, 2019"
Intel,Core i7-9700F,Coffee Lake,8,3 to 4.7 GHz,Socket 1151,14 nm,12MB,65 W,"Apr 23rd, 2019"
Intel,Core i7-9700KF,Coffee Lake,8,3.6 to 4.9 GHz,Socket 1151,14 nm,12MB,95 W,"Jan 8th, 2019"
Intel,Core i9-10900X,Cascade Lake-X,10 / 20,3.7 to 4.7 GHz,Socket 2066,14 nm,19.25MB,165 W,"Oct 19th, 2019"
Intel,Core i9-10920X,Cascade Lake-X,12 / 24,3.5 to 4.8 GHz,Socket 2066,14 nm,19.25MB,165 W,"Oct 19th, 2019"
Intel,Core i9-10940X,Cascade Lake-X,14 / 28,3.3 to 4.8 GHz,Socket 2066,14 nm,19.25MB,165 W,"Oct 19th, 2019"
Intel,Core i9-10980XE,Cascade Lake-X,18 / 36,3 to 4.8 GHz,Socket 2066,14 nm,24.75MB,165 W,"Oct 19th, 2019"
Intel,Core i9-9900,Coffee Lake-R,8 / 16,3.1 to 5 GHz,Socket 1151,14 nm,16MB,65 W,"Apr 23rd, 2019"
Intel,Core i9-9900KF,Coffee Lake-R,8 / 16,3.6 to 5 GHz,Socket 1151,14 nm,16MB,95 W,"Jan 8th, 2019"
Intel,Core i9-9900KS,Coffee Lake-R,8 / 16,4 to 5 GHz,Socket 1151,14 nm,16MB,127 W,"Oct 28th, 2019"
Intel,Pentium Gold G5620,Coffee Lake,2 / 4,4 GHz,Socket 1151,14 nm,4MB,51 W,"Feb 20th, 2019"
Intel,Xeon Platinum 9221,Cascade Lake-AP,32 / 64,2.1 to 3.7 GHz,BGA 5903,14 nm,71.5MB,250 W,"Apr 2nd, 2019"
Intel,Xeon Platinum 9222,Cascade Lake-AP,32 / 64,2.3 to 3.7 GHz,BGA 5903,14 nm,71.5MB,250 W,"Apr 2nd, 2019"
Intel,Xeon Platinum 9242,Cascade Lake-AP,48 / 96,2.3 to 3.8 GHz,BGA 5903,14 nm,71.5MB,350 W,"Apr 2nd, 2019"
Intel,Xeon Platinum 9282,Cascade Lake-AP,56 / 112,2.6 to 3.8 GHz,BGA 5903,14 nm,77MB,400 W,"Apr 2nd, 2019"
AMD,Athlon Gold 3150G,Dali,4,3.5 to 3.9 GHz,Socket AM4,12 nm,4MB,65 W,"Jul 21st, 2020"
AMD,Athlon Gold 3150GE,Dali,4,3.5 to 3.8 GHz,Socket AM4,12 nm,4MB,35 W,"Jul 21st, 2020"
AMD,Athlon Gold PRO 3150G,Dali,4,3.5 to 3.9 GHz,Socket AM4,12 nm,4MB,65 W,"Jul 21st, 2020"
AMD,Athlon Gold PRO 3150GE,Dali,4,3.5 to 3.8 GHz,Socket AM4,12 nm,4MB,35 W,"Jul 21st, 2020"
AMD,Athlon Silver 3050GE,Dali,2 / 4,3.4 GHz,Socket AM4,12 nm,4MB,35 W,"Jul 21st, 2020"
AMD,Athlon Silver PRO 3125GE,Dali,2 / 4,3.4 GHz,Socket AM4,12 nm,4MB,35 W,"Jul 21st, 2020"
AMD,EPYC 7F32,Rome,8 / 16,3.7 to 3.9 GHz,Socket SP3,7 nm,128MB,180 W,"Apr 14th, 2020"
AMD,EPYC 7F52,Rome,16 / 32,3.5 to 3.9 GHz,Socket SP3,7 nm,256MB,155 W,"Apr 14th, 2020"
AMD,EPYC 7F72,Rome,24 / 48,3.2 to 3.7 GHz,Socket SP3,7 nm,192MB,240 W,"Apr 14th, 2020"
AMD,Ryzen 3 3100,Matisse,4 / 8,3.6 to 3.9 GHz,Socket AM4,7 nm,16MB,65 W,"Apr 24th, 2020"
AMD,Ryzen 3 3300X,Matisse,4 / 8,3.8 to 4.3 GHz,Socket AM4,7 nm,16MB,65 W,"Apr 24th, 2020"
AMD,Ryzen 3 4300G,Renoir,4 / 8,3.8 to 4 GHz,Socket AM4,7 nm,4MB,65 W,"Jul 21st, 2020"
AMD,Ryzen 3 4300GE,Renoir,4 / 8,3.5 to 4 GHz,Socket AM4,7 nm,4MB,35 W,"Jul 21st, 2020"
AMD,Ryzen 3 PRO 4350G,Renoir,4 / 8,3.8 to 4 GHz,Socket AM4,7 nm,4MB,65 W,"Jul 21st, 2020"
AMD,Ryzen 3 PRO 4350GE,Renoir,4 / 8,3.5 to 4 GHz,Socket AM4,7 nm,4MB,35 W,"Jul 21st, 2020"
AMD,Ryzen 5 4600G,Renoir,6 / 12,3.7 to 4.2 GHz,Socket AM4,7 nm,8MB,65 W,"Jul 21st, 2020"
AMD,Ryzen 5 4600GE,Renoir,6 / 12,3.3 to 4.2 GHz,Socket AM4,7 nm,8MB,35 W,"Jul 21st, 2020"
AMD,Ryzen 5 5600X,Vermeer,6 / 12,3.7 to 4.6 GHz,Socket AM4,7 nm,32MB,65 W,"Nov 5th, 2020"
AMD,Ryzen 5 PRO 4650G,Renoir,6 / 12,3.7 to 4.2 GHz,Socket AM4,7 nm,8MB,65 W,"Jul 21st, 2020"
AMD,Ryzen 5 PRO 4650GE,Renoir,6 / 12,3.3 to 4.2 GHz,Socket AM4,7 nm,8MB,35 W,"Jul 21st, 2020"
AMD,Ryzen 7 3800XT,Matisse 2,8 / 16,3.8 to 4.7 GHz,Socket AM4,7 nm,32MB,105 W,"Jul 7th, 2020"
AMD,Ryzen 7 4700G,Renoir,8 / 16,3.6 to 4.4 GHz,Socket AM4,7 nm,8MB,65 W,"Jul 21st, 2020"
AMD,Ryzen 7 4700GE,Renoir,8 / 16,3.1 to 4.3 GHz,Socket AM4,7 nm,8MB,35 W,"Jul 21st, 2020"
AMD,Ryzen 7 5800X,Vermeer,8 / 16,3.8 to 4.7 GHz,Socket AM4,7 nm,32MB,105 W,"Nov 5th, 2020"
AMD,Ryzen 7 PRO 4750G,Renoir,8 / 16,3.6 to 4.4 GHz,Socket AM4,7 nm,8MB,65 W,"Jul 21st, 2020"
AMD,Ryzen 7 PRO 4750GE,Renoir,8 / 16,3.1 to 4.3 GHz,Socket AM4,7 nm,8MB,35 W,"Jul 21st, 2020"
AMD,Ryzen 9 3900XT,Matisse 2,12 / 24,3.9 to 4.7 GHz,Socket AM4,7 nm,64MB,105 W,"Jul 7th, 2020"
AMD,Ryzen 9 5900X,Vermeer,12 / 24,3.7 to 4.8 GHz,Socket AM4,7 nm,64MB,105 W,"Nov 5th, 2020"
AMD,Ryzen 9 5950X,Vermeer,16 / 32,3.4 to 4.9 GHz,Socket AM4,7 nm,64MB,105 W,"Nov 5th, 2020"
AMD,Ryzen Threadripper 3990X,Matisse,64 / 128,2.9 to 4.3 GHz,Socket TRX4,7 nm,128MB,280 W,"Feb 7th, 2020"
AMD,Ryzen Threadripper PRO 3945WX,Matisse,12 / 24,4 to 4.3 GHz,Socket WRX8,7 nm,64MB,280 W,"Jul 14th, 2020"
AMD,Ryzen Threadripper PRO 3955WX,Matisse,16 / 32,3.9 to 4.3 GHz,Socket WRX8,7 nm,64MB,280 W,"Jul 14th, 2020"
AMD,Ryzen Threadripper PRO 3975WX,Matisse,32 / 64,3.5 to 4.2 GHz,Socket WRX8,7 nm,128MB,280 W,"Jul 14th, 2020"
AMD,Ryzen Threadripper PRO 3995WX,Matisse,64 / 128,2.7 to 4.2 GHz,Socket WRX8,7 nm,256MB,280 W,"Jul 14th, 2020"
Intel,Celeron G5900,Comet Lake,2,3.4 GHz,Socket 1200,14 nm,2MB,58 W,"Apr 30th, 2020"
Intel,Celeron G5920,Comet Lake,2,3.5 GHz,Socket 1200,14 nm,2MB,58 W,"Apr 30th, 2020"
Intel,Core i3-10100,Comet Lake,4 / 8,3.6 to 4.3 GHz,Socket 1200,14 nm,6MB,65 W,"Apr 30th, 2020"
Intel,Core i3-10300,Comet Lake,4 / 8,3.7 to 4.4 GHz,Socket 1200,14 nm,8MB,62 W,"Apr 30th, 2020"
Intel,Core i3-10320,Comet Lake,4 / 8,3.8 to 4.6 GHz,Socket 1200,14 nm,8MB,91 W,"Apr 30th, 2020"
Intel,Core i3-10350K,Comet Lake,4 / 8,4.1 to 4.8 GHz,Socket 1200,14 nm,8MB,91 W,"Apr 30th, 2020"
Intel,Core i5-10400,Comet Lake,6 / 12,2.9 to 4.3 GHz,Socket 1200,14 nm,12MB,65 W,"Apr 30th, 2020"
Intel,Core i5-10400F,Comet Lake,6 / 12,2.9 to 4.3 GHz,Socket 1200,14 nm,12MB,65 W,"Apr 30th, 2020"
Intel,Core i5-10500,Comet Lake,6 / 12,3.1 to 4.5 GHz,Socket 1200,14 nm,12MB,65 W,"Apr 30th, 2020"
Intel,Core i5-10600,Comet Lake,6 / 12,3.3 to 4.8 GHz,Socket 1200,14 nm,12MB,65 W,"Apr 30th, 2020"
Intel,Core i5-10600K,Comet Lake,6 / 12,4.1 to 4.8 GHz,Socket 1200,14 nm,12MB,125 W,"Apr 30th, 2020"
Intel,Core i5-10600KF,Comet Lake,6 / 12,4.1 to 4.8 GHz,Socket 1200,14 nm,12MB,95 W,"Apr 30th, 2020"
Intel,Core i7-10700,Comet Lake,8 / 16,2.9 to 4.8 GHz,Socket 1200,14 nm,16MB,65 W,"Apr 30th, 2020"
Intel,Core i7-10700F,Comet Lake,8 / 16,2.9 to 4.8 GHz,Socket 1200,14 nm,16MB,65 W,"Apr 30th, 2020"
Intel,Core i7-10700K,Comet Lake,8 / 16,3.8 to 5.1 GHz,Socket 1200,14 nm,16MB,125 W,"Apr 30th, 2020"
Intel,Core i7-10700KF,Comet Lake,8 / 16,3.8 to 5.1 GHz,Socket 1200,14 nm,16MB,125 W,"Apr 30th, 2020"
Intel,Core i9-10800F,Comet Lake,10 / 20,2.7 to 5 GHz,Socket 1200,14 nm,20MB,65 W,"Apr 30th, 2020"
Intel,Core i9-10850K,Comet Lake,10 / 20,3.6 to 5.2 GHz,Socket 1200,14 nm,20MB,125 W,"Jul 27th, 2020"
Intel,Core i9-10900,Comet Lake,10 / 20,2.8 to 5.2 GHz,Socket 1200,14 nm,20MB,65 W,"Apr 30th, 2020"
Intel,Core i9-10900F,Comet Lake,10 / 20,2.8 to 5.2 GHz,Socket 1200,14 nm,20MB,65 W,"Apr 30th, 2020"
Intel,Core i9-10900K,Comet Lake,10 / 20,3.7 to 5.3 GHz,Socket 1200,14 nm,20MB,125 W,"Apr 30th, 2020"
Intel,Core i9-10900KF,Comet Lake,10 / 20,3.7 to 5.3 GHz,Socket 1200,14 nm,20MB,125 W,"Apr 30th, 2020"
Intel,Core i9-10990XE,Cascade Lake-X,22 / 44,4 to 5 GHz,Socket 2066,14 nm,30.25MB,380 W,Never Released
Intel,Pentium Gold G6400,Comet Lake,2 / 4,4 GHz,Socket 1200,14 nm,4MB,58 W,"Apr 30th, 2020"
Intel,Pentium Gold G6500,Comet Lake,2 / 4,4.1 GHz,Socket 1200,14 nm,4MB,58 W,"Apr 30th, 2020"
Intel,Pentium Gold G6600,Comet Lake,2 / 4,4.2 GHz,Socket 1200,14 nm,4MB,58 W,"Apr 30th, 2020"
AMD,Ryzen 3 5300G,Cezanne,4 / 8,4 to 4.2 GHz,Socket AM4,7 nm,8MB,65 W,"Apr 13th, 2021"
AMD,Ryzen 5 5600G,Cezanne,6 / 12,3.9 to 4.4 GHz,Socket AM4,7 nm,16MB,65 W,"Apr 13th, 2021"
AMD,Ryzen 7 5700G,Cezanne,8 / 16,3.8 to 4.6 GHz,Socket AM4,7 nm,16MB,65 W,"Apr 13th, 2021"
AMD,Ryzen 7 5800G,Cezanne,8 / 16,3.8 to 4.8 GHz,Socket AM4,7 nm,16MB,65 W,Unknown
Intel,Core i3-10105,Comet Lake-R,4 / 8,3.7 to 4.4 GHz,Socket 1200,14 nm,6MB,65 W,"Mar 16th, 2021"
Intel,Core i3-10105F,Comet Lake-R,4 / 8,3.7 to 4.4 GHz,Socket 1200,14 nm,6MB,65 W,"Mar 16th, 2021"
Intel,Core i3-10105T,Comet Lake-R,4 / 8,3 to 3.9 GHz,Socket 1200,14 nm,6MB,35 W,"Mar 16th, 2021"
Intel,Core i3-10305,Comet Lake-R,4 / 8,3.8 to 4.5 GHz,Socket 1200,14 nm,8MB,65 W,"Mar 16th, 2021"
Intel,Core i3-10305T,Comet Lake-R,4 / 8,3 to 4 GHz,Socket 1200,14 nm,8MB,35 W,"Mar 16th, 2021"
Intel,Core i3-10325,Comet Lake-R,4 / 8,3.9 to 4.7 GHz,Socket 1200,14 nm,8MB,65 W,"Mar 16th, 2021"
Intel,Core i5-11400,Rocket Lake,6 / 12,2.6 to 4.4 GHz,Socket 1200,14 nm,12MB,65 W,"Mar 16th, 2021"
Intel,Core i5-11400F,Rocket Lake,6 / 12,2.6 to 4.4 GHz,Socket 1200,14 nm,12MB,65 W,"Mar 16th, 2021"
Intel,Core i5-11400T,Rocket Lake,6 / 12,1.3 to 3.7 GHz,Socket 1200,14 nm,12MB,35 W,"Mar 16th, 2021"
Intel,Core i5-11500,Rocket Lake,6 / 12,2.7 to 4.6 GHz,Socket 1200,14 nm,12MB,65 W,"Mar 16th, 2021"
Intel,Core i5-11500T,Rocket Lake,6 / 12,1.5 to 3.9 GHz,Socket 1200,14 nm,12MB,35 W,"Mar 16th, 2021"
Intel,Core i5-11600,Rocket Lake,6 / 12,2.8 to 4.8 GHz,Socket 1200,14 nm,12MB,65 W,"Mar 16th, 2021"
Intel,Core i5-11600K,Rocket Lake,6 / 12,3.9 to 4.9 GHz,Socket 1200,14 nm,12MB,125 W,"Mar 16th, 2021"
Intel,Core i5-11600KF,Rocket Lake,6 / 12,3.9 to 4.9 GHz,Socket 1200,14 nm,12MB,125 W,"Mar 16th, 2021"
Intel,Core i5-11600T,Rocket Lake,6 / 12,1.7 to 4.1 GHz,Socket 1200,14 nm,12MB,35 W,"Mar 16th, 2021"
Intel,Core i5-12600K,Alder Lake,10 / 16,3.7 to 4.9 GHz,Socket 1700,10 nm,20MB,125 W,"Nov 4th, 2021"
Intel,Core i5-12600KF,Alder Lake,10 / 16,3.7 to 4.9 GHz,Socket 1700,10 nm,20MB,125 W,"Nov 4th, 2021"
Intel,Core i7-11700,Rocket Lake,8 / 16,2.5 to 4.9 GHz,Socket 1200,14 nm,16MB,65 W,"Mar 16th, 2021"
Intel,Core i7-11700F,Rocket Lake,8 / 16,2.5 to 4.9 GHz,Socket 1200,14 nm,16MB,65 W,"Mar 16th, 2021"
Intel,Core i7-11700K,Rocket Lake,8 / 16,3.6 to 5 GHz,Socket 1200,14 nm,16MB,125 W,"Mar 16th, 2021"
Intel,Core i7-11700KF,Rocket Lake,8 / 16,3.6 to 5 GHz,Socket 1200,14 nm,16MB,125 W,"Mar 16th, 2021"
Intel,Core i7-11700T,Rocket Lake,8 / 16,1.4 to 4.6 GHz,Socket 1200,14 nm,16MB,35 W,"Mar 16th, 2021"
Intel,Core i7-12700K,Alder Lake,12 / 20,3.6 to 5 GHz,Socket 1700,10 nm,25MB,125 W,"Nov 4th, 2021"
Intel,Core i7-12700KF,Alder Lake,12 / 20,3.6 to 5 GHz,Socket 1700,10 nm,25MB,125 W,"Nov 4th, 2021"
Intel,Core i9-11900,Rocket Lake,8 / 16,2.5 to 5.2 GHz,Socket 1200,14 nm,16MB,65 W,"Mar 16th, 2021"
Intel,Core i9-11900F,Rocket Lake,8 / 16,2.5 to 5.2 GHz,Socket 1200,14 nm,16MB,65 W,"Mar 16th, 2021"
Intel,Core i9-11900K,Rocket Lake,8 / 16,3.5 to 5.3 GHz,Socket 1200,14 nm,16MB,125 W,"Mar 16th, 2021"
Intel,Core i9-11900KF,Rocket Lake,8 / 16,3.5 to 5.3 GHz,Socket 1200,14 nm,16MB,125 W,"Mar 16th, 2021"
Intel,Core i9-11900T,Rocket Lake,8 / 16,1.5 to 4.9 GHz,Socket 1200,14 nm,16MB,35 W,"Mar 16th, 2021"
Intel,Core i9-12900K,Alder Lake,16 / 24,3.2 to 5.2 GHz,Socket 1700,10 nm,30MB,125 W,"Nov 4th, 2021"
Intel,Core i9-12900KF,Alder Lake,16 / 24,3.2 to 5.2 GHz,Socket 1700,10 nm,30MB,125 W,"Nov 4th, 2021"
Intel,Pentium Gold G6605,Comet Lake-R,2 / 4,4.3 GHz,Socket 1200,14 nm,4MB,65 W,"Mar 16th, 2021"
Intel,Xeon E-2314,Rocket Lake-E,4,2.8 to 4.5 GHz,Socket 1200,14 nm,8MB,65 W,"Sep 8th, 2021"
Intel,Xeon E-2324G,Rocket Lake-E,4,3.1 to 4.6 GHz,Socket 1200,14 nm,8MB,65 W,"Sep 8th, 2021"
Intel,Xeon E-2334,Rocket Lake-E,4 / 8,3.4 to 4.8 GHz,Socket 1200,14 nm,8MB,65 W,"Sep 8th, 2021"
Intel,Xeon E-2336,Rocket Lake-E,6 / 12,2.9 to 4.8 GHz,Socket 1200,14 nm,12MB,65 W,"Sep 8th, 2021"
Intel,Xeon E-2356G,Rocket Lake-E,6 / 12,3.2 to 5 GHz,Socket 1200,14 nm,12MB,80 W,"Sep 8th, 2021"
Intel,Xeon E-2374G,Rocket Lake-E,4 / 8,3.7 to 5 GHz,Socket 1200,14 nm,8MB,80 W,"Sep 8th, 2021"
Intel,Xeon E-2378,Rocket Lake-E,8 / 16,2.6 to 4.8 GHz,Socket 1200,14 nm,16MB,65 W,"Sep 8th, 2021"
Intel,Xeon E-2378G,Rocket Lake-E,8 / 16,2.8 to 5.1 GHz,Socket 1200,14 nm,16MB,80 W,"Sep 8th, 2021"
Intel,Xeon E-2386G,Rocket Lake-E,6 / 12,3.5 to 5.1 GHz,Socket 1200,14 nm,12MB,95 W,"Sep 8th, 2021"
Intel,Xeon E-2388G,Rocket Lake-E,8 / 16,3.2 to 5.1 GHz,Socket 1200,14 nm,16MB,95 W,"Sep 8th, 2021"
Intel,Xeon Gold 5315Y,Ice Lake-SP,8 / 16,3.2 to 3.6 GHz,Socket 4189,10 nm,12MB,140 W,"Apr 6th, 2021"
Intel,Xeon Gold 5317,Ice Lake-SP,12 / 24,3 to 3.6 GHz,Socket 4189,10 nm,18MB,150 W,"Apr 6th, 2021"
Intel,Xeon Gold 5318H,Cooper Lake-SP,18 / 36,2.5 to 3.8 GHz,Socket 4189,14 nm,24.75MB,150 W,"Apr 6th, 2021"
Intel,Xeon Gold 5318N,Ice Lake-SP,24 / 48,2.1 to 3.4 GHz,Socket 4189,10 nm,36MB,150 W,"Apr 6th, 2021"
Intel,Xeon Gold 5318S,Ice Lake-SP,24 / 48,2.1 to 3.4 GHz,Socket 4189,10 nm,36MB,165 W,"Apr 6th, 2021"
Intel,Xeon Gold 5318Y,Ice Lake-SP,24 / 48,2.1 to 3.4 GHz,Socket 4189,10 nm,36MB,165 W,"Apr 6th, 2021"
Intel,Xeon Gold 5320,Ice Lake-SP,26 / 52,2.2 to 3.4 GHz,Socket 4189,10 nm,39MB,185 W,"Apr 6th, 2021"
Intel,Xeon Gold 5320H,Cooper Lake-SP,20 / 40,2.4 to 4.2 GHz,Socket 4189,14 nm,27.5MB,150 W,"Apr 6th, 2021"
Intel,Xeon Gold 5320T,Ice Lake-SP,20 / 40,2.3 to 3.5 GHz,Socket 4189,10 nm,30MB,150 W,"Apr 6th, 2021"
Intel,Xeon Gold 6312U,Ice Lake-SP,24 / 48,2.4 to 3.6 GHz,Socket 4189,10 nm,36MB,185 W,"Apr 6th, 2021"
Intel,Xeon Gold 6314U,Ice Lake-SP,32 / 64,2.3 to 3.4 GHz,Socket 4189,10 nm,48MB,205 W,"Apr 6th, 2021"
Intel,Xeon Gold 6326,Ice Lake-SP,16 / 32,2.9 to 3.5 GHz,Socket 4189,10 nm,24MB,185 W,"Apr 6th, 2021"
Intel,Xeon Gold 6328H,Cooper Lake-SP,16 / 32,2.8 to 4.3 GHz,Socket 4189,14 nm,22MB,165 W,"Apr 6th, 2021"
Intel,Xeon Gold 6328HL,Cooper Lake-SP,16 / 32,2.8 to 4.3 GHz,Socket 4189,14 nm,22MB,165 W,"Apr 6th, 2021"
Intel,Xeon Gold 6330,Ice Lake-SP,28 / 56,2 to 3.1 GHz,Socket 4189,10 nm,42MB,205 W,"Apr 6th, 2021"
Intel,Xeon Gold 6330H,Cooper Lake-SP,24 / 48,2 to 3.7 GHz,Socket 4189,14 nm,33MB,150 W,"Apr 6th, 2021"
Intel,Xeon Gold 6334,Ice Lake-SP,8 / 16,3.6 to 3.7 GHz,Socket 4189,10 nm,18MB,165 W,"Apr 6th, 2021"
Intel,Xeon Gold 6336Y,Ice Lake-SP,24 / 48,2.4 to 3.6 GHz,Socket 4189,10 nm,36MB,185 W,"Apr 6th, 2021"
Intel,Xeon Gold 6338N,Ice Lake-SP,32 / 64,2.2 to 3.5 GHz,Socket 4189,10 nm,48MB,185 W,"Apr 6th, 2021"
Intel,Xeon Gold 6338T,Ice Lake-SP,24 / 48,2.1 to 3.4 GHz,Socket 4189,10 nm,36MB,165 W,"Apr 6th, 2021"
Intel,Xeon Gold 6342,Ice Lake-SP,24 / 48,2.8 to 3.5 GHz,Socket 4189,10 nm,36MB,230 W,"Apr 6th, 2021"
Intel,Xeon Gold 6346,Ice Lake-SP,16 / 32,3.1 to 3.6 GHz,Socket 4189,10 nm,36MB,205 W,"Apr 6th, 2021"
Intel,Xeon Gold 6348,Ice Lake-SP,28 / 56,2.6 to 3.5 GHz,Socket 4189,10 nm,42MB,235 W,"Apr 6th, 2021"
Intel,Xeon Gold 6348H,Cooper Lake-SP,24 / 48,2.3 to 4.2 GHz,Socket 4189,14 nm,33MB,165 W,"Apr 6th, 2021"
Intel,Xeon Gold 6354,Ice Lake-SP,18 / 36,3 to 3.6 GHz,Socket 4189,10 nm,39MB,205 W,"Apr 6th, 2021"
Intel,Xeon Platinum 8351N,Ice Lake-SP,36 / 72,2.4 to 3.5 GHz,Socket 4189,10 nm,54MB,225 W,"Apr 6th, 2021"
Intel,Xeon Platinum 8352M,Ice Lake-SP,32 / 64,2.3 to 3.5 GHz,Socket 4189,10 nm,48MB,185 W,"Apr 6th, 2021"
Intel,Xeon Platinum 8352S,Ice Lake-SP,32 / 64,2.2 to 3.4 GHz,Socket 4189,10 nm,48MB,205 W,"Apr 6th, 2021"
Intel,Xeon Platinum 8352V,Ice Lake-SP,36 / 72,2.5 to 3.5 GHz,Socket 4189,10 nm,54MB,195 W,"Apr 6th, 2021"
Intel,Xeon Platinum 8353H,Cooper Lake-SP,18 / 36,2.5 to 3.8 GHz,Socket 4189,14 nm,24.75MB,150 W,"Apr 6th, 2021"
Intel,Xeon Platinum 8354H,Cooper Lake-SP,18 / 36,3.1 to 4.3 GHz,Socket 4189,14 nm,24.75MB,205 W,"Apr 6th, 2021"
Intel,Xeon Platinum 8356H,Cooper Lake-SP,8 / 16,3.9 to 4.4 GHz,Socket 4189,14 nm,35.75MB,190 W,"Apr 6th, 2021"
Intel,Xeon Platinum 8358,Ice Lake-SP,32 / 64,2.6 to 3.4 GHz,Socket 4189,10 nm,48MB,250 W,"Apr 6th, 2021"
Intel,Xeon Platinum 8358P,Ice Lake-SP,32 / 64,2.6 to 3.4 GHz,Socket 4189,10 nm,48MB,240 W,"Apr 6th, 2021"
Intel,Xeon Platinum 8360H,Cooper Lake-SP,24 / 48,3 to 4.2 GHz,Socket 4189,14 nm,33MB,225 W,"Apr 6th, 2021"
Intel,Xeon Platinum 8360HL,Cooper Lake-SP,24 / 48,3 to 4.2 GHz,Socket 4189,14 nm,33MB,225 W,"Apr 6th, 2021"
Intel,Xeon Platinum 8360Y,Ice Lake-SP,36 / 72,2.4 to 3.5 GHz,Socket 4189,10 nm,54MB,250 W,"Apr 6th, 2021"
Intel,Xeon Platinum 8362,Ice Lake-SP,32 / 64,2.8 to 3.6 GHz,Socket 4189,10 nm,48MB,265 W,"Apr 6th, 2021"
Intel,Xeon Platinum 8368,Ice Lake-SP,38 / 76,2.4 to 3.4 GHz,Socket 4189,10 nm,57MB,270 W,"Apr 6th, 2021"
Intel,Xeon Platinum 8368Q,Ice Lake-SP,38 / 76,2.6 to 3.7 GHz,Socket 4189,10 nm,57MB,270 W,"Apr 6th, 2021"
Intel,Xeon Platinum 8376H,Cooper Lake-SP,28 / 56,2.6 to 4.3 GHz,Socket 4189,14 nm,38.5MB,205 W,"Apr 6th, 2021"
Intel,Xeon Platinum 8376HL,Cooper Lake-SP,28 / 56,2.6 to 4.3 GHz,Socket 4189,14 nm,38.5MB,205 W,"Apr 6th, 2021"
Intel,Xeon Platinum 8380,Ice Lake-SP,40 / 80,2.3 to 3.4 GHz,Socket 4189,10 nm,60MB,270 W,"Apr 6th, 2021"
Intel,Xeon Platinum 8380H,Cooper Lake-SP,28 / 56,2.9 to 4.3 GHz,Socket 4189,14 nm,38.5MB,250 W,"Apr 6th, 2021"
Intel,Xeon Platinum 8380HL,Cooper Lake-SP,28 / 56,2.9 to 4.3 GHz,Socket 4189,14 nm,38.5MB,250 W,"Apr 6th, 2021"
Intel,Xeon Silver 4309Y,Ice Lake-SP,8 / 16,2.8 to 3.6 GHz,Socket 4189,10 nm,12MB,105 W,"Apr 6th, 2021"
Intel,Xeon Silver 4310,Ice Lake-SP,12 / 24,2.1 to 3.3 GHz,Socket 4189,10 nm,18MB,120 W,"Apr 6th, 2021"
Intel,Xeon Silver 4310T,Ice Lake-SP,10 / 20,2.3 to 3.4 GHz,Socket 4189,10 nm,15MB,105 W,"Apr 6th, 2021"
Intel,Xeon Silver 4314,Ice Lake-SP,16 / 32,2.4 to 3.4 GHz,Socket 4189,10 nm,24MB,135 W,"Apr 6th, 2021"
Intel,Xeon Silver 4316,Ice Lake-SP,20 / 40,2.3 to 3.4 GHz,Socket 4189,10 nm,30MB,150 W,"Apr 6th, 2021"
Intel,Xeon W-3323,Ice Lake-W,12 / 24,3.5 to 4 GHz,Socket 4189,10 nm,18MB,220 W,"Jul 29th, 2021"
Intel,Xeon W-3335,Ice Lake-W,16 / 32,3.4 to 4 GHz,Socket 4189,10 nm,24MB,250 W,"Jul 29th, 2021"
Intel,Xeon W-3345,Ice Lake-W,24 / 48,3 to 4 GHz,Socket 4189,10 nm,36MB,250 W,"Jul 29th, 2021"
Intel,Xeon W-3365,Ice Lake-W,32 / 64,2.7 to 4 GHz,Socket 4189,10 nm,48MB,270 W,"Jul 29th, 2021"
Intel,Xeon W-3375,Ice Lake-W,38 / 76,2.5 to 4 GHz,Socket 4189,10 nm,57MB,270 W,"Jul 29th, 2021"
